NAME_2,LGA_Area_m,Buffer_Pct,sum
Agege,16504237.176793117076159,2.578276976139872,425524.947191271989141
Ajeromi/Ifelodun,11593531.543269585818052,63.039415676310320,7308494.541284145787358
Alimosho,147426180.053657263517380,20.425272680678695,30112199.278656359761953
Amuwo Odofin,173342725.926570355892181,35.130069039477249,60895419.293026514351368
Apapa,41508711.028394035995007,72.586219350036487,30129604.036693274974823
Badagry,492577670.079757392406464,6.656015834095900,32786047.715812943875790
Epe,1197051532.353721857070923,3.200848042875064,38315800.545313447713852
Eti-Osa,180670018.780676633119583,19.735533311203625,35656191.739357098937035
Ibeju-Lekki,458415912.316659867763519,5.222098491290276,23938930.441035117954016
Ifako/Ijaye,33471163.567956078797579,18.960234311774570,6346211.039264956489205
Ikeja,45547096.331178002059460,18.939699874146999,8626483.346493648365140
Ikorodu,367928144.998585581779480,5.579231674521892,20527563.605318013578653
Kosofe,73801233.640442445874214,61.783185023903819,45596752.729919508099556
Lagos Island,237964503.115339159965515,9.240195759376643,21988385.925514064729214
Mainland,22682715.948230836540461,55.775688497797269,12651440.989960856735706
Mushin,17312409.782758027315140,0.000000000000000,
Ojo,179438218.325063049793243,22.434779943361963,40256569.415684662759304
Oshodi/Isolo,38429807.889685109257698,4.631078803336380,1779714.687444513197988
Shomolu,18225815.109021782875061,68.540068803304720,12491986.215612344443798
Surulere,30587103.054968796670437,56.659889050090506,17330618.654434572905302
